name,address,phone,email,website
AT&C Accountants en Belastingadviseurs,"Laan van Westroijen 2, 4003AZ Tiel",+31344636161,info@atcaccountants.nl,N/A
Van Brugge & Partners BV,"Wilhelminastraat 5, 2011VH Haarlem",+31235316550,haarlem@vanbrugge.nl,N/A
Bregman Accountants BV,"Röntgenlaan 19, 2719DX Zoetermeer",+31793630456,info@bregmanaccountants.nl,N/A
Spek Accountants en Belastingadviseurs BV,"Nieuwe Tiendweg 16, 2923AE Krimpen aan den IJssel",+31180591581,info@spek.nl,N/A
C J van Beek & Co Accountantskantoor,"Brediusweg 18, 1401AG Bussum",+31356925800,vanbeek@vanbeekenco.nl,N/A
Peter Kok Accountancy & Advies,"Zwartwatersweg 53, 9402SL Assen",+31592405707,info@pkaa.nl,N/A
Van Meel & Jonkers,"Burgemeester Stulemeijerlaan 1, 4611EH Bergen op Zoom",+31164210090,info@vanmeelenjonkers.nl,N/A
Paans Accountancy Renate,"Dorpsstraat 4, 9591AT Onstwedde",+31599332063,info@renatepaans.nl,N/A
BDS Fiscale & Financiële Adviseurs,"De Molen 4, 3994DB Houten",+31306013437,info@bdsaa.nl,N/A
Smulders-Jacobs Accountantskantoor,"Anjerstraat 2, 5102ZA Dongen",+31162319000,info@smuldersjacobs.nl,N/A
SKM Accountants en Adviseurs,"Mathenesserlaan 231, 3021HB Rotterdam",+31104769177,info@skmaccountants.nl,N/A
Accountants & Adviseurs Hoefs,"Constructieweg 96D, 3641SP Mijdrecht",+31297250365,N/A,N/A
Accountants en Belastingadviseurs Smit,"Het Assink 8 - 8A, 7496CC Hengevelde",+31547363631,info@accountantskantoorsmit.nl,N/A
Accens Accountants & Adviseurs BV,"Prins Bernhardstraat 27, 6101EC Echt",+31475470278,info@accens.nl,N/A
Braak Accountants Drachten Van,"Kraaiheide 15, 9202PC Drachten",+31512571250,drachten@vanbraakaccountants.nl,N/A
Remark Accountants,"Constructieweg 1/A, 3433NM Nieuwegein",+31306308909,info@remarkaccountants.nl,N/A
Ad de Laat Accountancy & financiële planning,"Uiverstraat 14, 6601AZ Wijchen",,AD@ADDELAAT.NU,N/A
Vork Accountants BV,"Westzijde 81, 1506ED Zaandam",+31756147282,ronald@vorkaccountants.nl,N/A
Deijle en Partners Accountants | Adviseurs,"Middelweg 68, 1911EH Uitgeest",+31251320848,info@depaa.nl,N/A
Accountantskantoor Kasteleijn-Van Zwet,"Prinses Margrietlaan 5, 5684GS Best",+31499370368,miranda@kasteleijnvanzwet.nl,N/A
